profile pic,nums/length username,fullname words,nums/length fullname,name==username,description length,external URL,private,#posts,#followers,#follows,fake,follow_ratio,engagement_rate
1,0.27,0,0.0,0,53,0,0,32,1000,955,0,1.0460251046025104,0.03196803196803197
1,0.0,2,0.0,0,44,0,0,286,2740,533,0,5.131086142322097,0.10434148121123678
1,0.1,2,0.0,0,0,0,1,13,159,98,0,1.606060606060606,0.08125
1,0.0,1,0.0,0,82,0,0,679,414,651,0,0.6349693251533742,1.636144578313253
1,0.0,2,0.0,0,0,0,1,6,151,126,0,1.188976377952756,0.039473684210526314
1,0.0,4,0.0,0,81,1,0,344,669987,150,0,4437.0,0.0005134420317975844
1,0.0,2,0.0,0,50,0,0,16,122,177,0,0.6853932584269663,0.13008130081300814
1,0.0,2,0.0,0,0,0,0,33,1078,76,0,14.0,0.030583873957367932
1,0.0,0,0.0,0,71,0,0,72,1824,2713,0,0.6720707442888725,0.03945205479452055
1,0.0,2,0.0,0,40,1,0,213,12945,813,0,15.902948402948402,0.016452958442762244
1,0.0,2,0.0,0,54,0,0,648,9884,1173,0,8.419080068143101,0.06555386949924127
1,0.0,2,0.0,0,54,1,0,76,1188,365,0,3.2459016393442623,0.063919259882254
1,0.0,2,0.0,0,0,1,0,298,945,583,0,1.6181506849315068,0.3150105708245243
1,0.0,2,0.0,0,103,1,0,117,12033,248,0,48.325301204819276,0.009722453049692537
1,0.0,2,0.0,0,98,1,0,487,1962,2701,0,0.7261287934863064,0.24808965868568517
1,0.0,3,0.0,0,46,0,0,254,50374,900,0,55.90899001109878,0.005042183622828784
1,0.0,3,0.0,0,0,0,0,59,7007,289,0,24.162068965517243,0.008418949771689497
1,0.29,3,0.0,0,48,0,0,1570,1128,694,0,1.623021582733813,1.3906111603188662
1,0.0,2,0.0,0,63,1,0,378,34670,1878,0,18.451303885045238,0.010902483343428226
1,0.0,2,0.0,0,106,1,0,526,2338,776,0,3.009009009009009,0.22488242838820008
1,0.0,2,0.0,0,40,0,0,228,3516,999,0,3.516,0.06482797839067388
1,0.0,1,0.0,0,35,1,1,35,1809,416,0,4.338129496402877,0.019337016574585635
1,0.0,2,0.0,0,30,0,0,281,427,470,0,0.9065817409766455,0.6565420560747663
1,0.0,1,0.0,0,27,0,0,285,759,956,0,0.7931034482758621,0.375
1,0.0,0,0.0,0,0,0,0,148,15338538,61,0,247395.7741935484,9.648898112134409e-06
1,0.0,1,0.0,0,109,1,1,57,109,179,0,0.6055555555555555,0.5181818181818182
1,0.0,6,0.0,0,0,0,1,17,536,665,0,0.8048048048048048,0.03165735567970205
1,0.0,2,0.0,0,132,1,0,511,121354,176,0,685.6158192090395,0.0042107865353714306
1,0.0,2,0.0,0,126,1,0,230,2284,130,0,17.435114503816795,0.10065645514223195
1,0.0,2,0.0,0,122,0,1,15,186,174,0,1.062857142857143,0.08021390374331551
1,0.0,2,0.0,0,138,0,1,980,687,1517,0,0.4525691699604743,1.4244186046511629
1,0.13,0,0.0,0,0,0,1,53,966,952,0,1.0136411332633788,0.05480868665977249
1,0.0,2,0.0,0,50,0,1,111,177,170,0,1.0350877192982457,0.6235955056179775
1,0.0,2,0.0,0,35,0,0,719,744,967,0,0.768595041322314,0.9651006711409396
1,0.0,2,0.0,0,56,1,0,1164,542073,674,0,803.0711111111111,0.0021473083010806644
1,0.18,2,0.0,0,9,0,0,497,5315651,2703,0,1965.8472633136096,9.349746747905995e-05
1,0.33,0,0.0,0,0,0,1,18,267,328,0,0.8115501519756839,0.06716417910447761
1,0.0,2,0.0,0,81,0,0,50,691,680,0,1.014684287812041,0.07225433526011561
1,0.0,2,0.0,0,134,0,1,74,120,112,0,1.0619469026548674,0.6115702479338843
1,0.0,2,0.0,0,0,0,0,8,105,98,0,1.0606060606060606,0.07547169811320754
1,0.0,0,0.0,0,2,0,0,7389,890969,11,0,74247.41666666667,0.00829320852553958
1,0.0,2,0.0,0,0,1,0,420,361853,583,0,619.611301369863,0.0011606891177104578
1,0.0,2,0.0,0,23,0,0,433,3678,1359,0,2.7044117647058825,0.1176950258222343
1,0.0,2,0.0,0,138,1,0,156,92192,16,0,5423.058823529412,0.0016921024372783184
1,0.0,4,0.0,0,35,0,0,4494,12397719,8,0,1377524.3333333333,0.0003624860054913323
1,0.0,3,0.0,0,93,0,0,751,380510,0,0,380510.0,0.0019736617338263545
1,0.0,2,0.0,0,4,0,1,4,132,183,0,0.717391304347826,0.03007518796992481
1,0.0,2,0.0,0,1,0,1,27,162,208,0,0.7751196172248804,0.1656441717791411
1,0.0,1,0.0,0,4,0,0,91,369,546,0,0.6745886654478976,0.24594594594594596
1,0.0,0,0.0,0,23,0,0,262,1476,666,0,2.212893553223388,0.17738659444820581
1,0.0,3,0.0,0,91,1,0,274,1798,461,0,3.8917748917748916,0.15230683713173984
1,0.0,2,0.0,0,57,0,0,271,2118,1109,0,1.9081081081081082,0.12789051439358187
1,0.0,1,0.0,0,108,1,0,713,812,432,0,1.8752886836027713,0.8769987699876999
1,0.0,2,0.12,0,30,1,0,200,7217,761,0,9.471128608923884,0.02770850651149903
1,0.0,0,0.0,0,82,0,0,12,313,376,0,0.830238726790451,0.03821656050955414
1,0.12,1,0.0,0,12,1,0,26,64,261,0,0.24427480916030533,0.4
1,0.0,2,0.0,0,54,0,0,75,1759,643,0,2.731366459627329,0.04261363636363636
1,0.0,1,0.0,0,0,0,1,94,404,283,0,1.4225352112676057,0.23209876543209876
1,0.0,1,0.0,0,12,0,0,63,1843,598,0,3.0767946577629384,0.034164859002169194
1,0.12,2,0.0,0,0,0,0,69,320377,228,0,1399.0262008733625,0.00021537059348644415
1,0.0,1,0.0,0,3,0,0,12,108,97,0,1.1020408163265305,0.11009174311926606
1,0.0,1,0.0,0,39,1,0,63,384,447,0,0.8571428571428571,0.16363636363636364
1,0.19,2,0.0,0,0,0,0,19,60,100,0,0.594059405940594,0.3114754098360656
1,0.0,1,0.0,0,68,1,0,100,802,151,0,5.276315789473684,0.12453300124533001
1,0.0,2,0.0,0,129,1,0,661,51145,528,0,96.68241965973534,0.012923786806397372
1,0.0,2,0.0,0,57,1,0,149,1582,1882,0,0.8401486988847584,0.09412507896399241
1,0.0,2,0.0,0,64,0,0,22,223,266,0,0.8352059925093633,0.09821428571428571
1,0.0,1,0.0,0,42,0,0,400,18842,744,0,25.291275167785233,0.021228042243804066
1,0.0,2,0.0,0,71,1,0,149,10240,1255,0,8.152866242038217,0.014549360414022067
1,0.0,3,0.0,0,0,0,0,122,539,639,0,0.8421875,0.22592592592592592
1,0.33,2,0.0,0,70,0,0,74,399,452,0,0.8807947019867549,0.185
1,0.0,1,0.0,0,74,0,0,13,581,568,0,1.0210896309314588,0.022336769759450172
1,0.0,1,0.0,0,8,0,1,8,166,163,0,1.0121951219512195,0.04790419161676647
1,0.0,2,0.0,0,35,0,0,77,417,362,0,1.1487603305785123,0.18421052631578946
1,0.2,2,0.0,0,0,0,1,5,266,324,0,0.8184615384615385,0.018726591760299626
1,0.0,1,0.0,0,0,0,1,3,33,37,0,0.868421052631579,0.08823529411764706
1,0.0,2,0.0,0,28,0,1,106,494,998,0,0.4944944944944945,0.21414141414141413
1,0.0,2,0.0,0,18,0,1,14,178,245,0,0.7235772357723578,0.0782122905027933
1,0.0,3,0.0,0,28,0,0,172,470,288,0,1.6262975778546713,0.3651804670912951
1,0.33,1,0.0,0,36,0,0,111,807,675,0,1.1937869822485208,0.1373762376237624
1,0.0,2,0.0,0,2,0,0,38,162,256,0,0.6303501945525292,0.2331288343558282
1,0.06,2,0.0,0,11,0,1,19,417,395,0,1.053030303030303,0.045454545454545456
1,0.0,3,0.0,0,70,1,0,227,17303,360,0,47.930747922437675,0.013118354137771614
1,0.0,2,0.0,0,29,0,0,221,1439,629,0,2.284126984126984,0.15347222222222223
1,0.0,2,0.0,0,24,1,0,580,91446,526,0,173.52182163187857,0.006342471595569018
1,0.0,3,0.0,0,21,1,0,40,824,489,0,1.6816326530612244,0.048484848484848485
1,0.0,1,0.0,0,81,0,0,101,741,1440,0,0.5142262317834837,0.13611859838274934
1,0.0,1,0.0,0,34,1,1,157,1267,899,0,1.4077777777777778,0.12381703470031545
1,0.0,0,0.0,0,40,0,0,197,4594,1713,0,2.680280046674446,0.042872687704026115
1,0.0,1,0.0,0,12,0,0,61,1135,899,0,1.261111111111111,0.05369718309859155
1,0.0,2,0.0,0,0,0,1,698,1926,1410,0,1.3649893692416726,0.3622210690192008
1,0.0,2,0.0,0,59,0,1,49,1068,1925,0,0.5545171339563862,0.04583723105706267
1,0.0,1,0.0,0,15,0,1,85,815,748,0,1.0881174899866488,0.10416666666666667
1,0.0,2,0.0,0,54,0,0,77,565,469,0,1.202127659574468,0.13604240282685512
1,0.0,1,0.0,0,16,0,0,58,2556,1074,0,2.3776744186046512,0.02268283144309738
1,0.0,2,0.0,0,73,0,1,232,1312,935,0,1.4017094017094016,0.1766945925361767
1,0.0,1,0.0,0,24,0,0,20,699,599,0,1.165,0.02857142857142857
1,0.0,0,0.0,0,0,0,0,98,4328,418,0,10.329355608591886,0.02263802263802264
1,0.0,0,0.0,0,26,1,0,559,2487,999,0,2.487,0.22467845659163987
1,0.0,3,0.0,0,0,0,0,189,673,438,0,1.5330296127562641,0.28041543026706234
1,0.0,2,0.0,0,0,0,1,388,730,413,0,1.7632850241545894,0.53077975376197
1,0.0,0,0.0,0,0,0,1,28,59,55,0,1.0535714285714286,0.4666666666666667
1,0.0,3,0.0,0,0,0,1,156,289,222,0,1.295964125560538,0.5379310344827586
1,0.0,1,0.0,0,28,0,1,6,19,20,0,0.9047619047619048,0.3
1,0.0,2,0.0,0,55,1,0,69,3551,173,0,20.408045977011493,0.019425675675675675
1,0.0,1,0.0,0,140,1,0,775,19512,591,0,32.95945945945946,0.03971711166914365
1,0.0,0,0.0,0,122,1,0,205,2756,638,0,4.312989045383412,0.07435618425825172
1,0.0,2,0.0,0,113,1,0,209,5406,589,0,9.162711864406779,0.0386535971888293
1,0.0,2,0.0,0,38,0,1,334,459,390,0,1.173913043478261,0.7260869565217392
1,0.0,2,0.0,0,0,0,0,9,218,75,0,2.8684210526315788,0.0410958904109589
1,0.0,2,0.0,0,23,0,0,6,796,1155,0,0.6885813148788927,0.0075282308657465494
1,0.0,1,0.0,0,0,0,0,416,1113,1854,0,0.6,0.3734290843806104
1,0.2,1,0.0,0,89,0,1,13,138,208,0,0.6602870813397129,0.09352517985611511
1,0.44,1,0.0,0,30,0,1,33,205,164,0,1.2424242424242424,0.16019417475728157
1,0.0,1,0.0,0,0,0,0,1,331,333,0,0.9910179640718563,0.0030120481927710845
1,0.1,1,0.1,0,0,0,0,711,748,4659,0,0.16051502145922747,0.9492656875834445
1,0.0,1,0.0,0,0,0,0,114,490,1093,0,0.44789762340036565,0.23217922606924643
1,0.0,1,0.08,0,12,0,1,16,456,413,0,1.1014492753623188,0.0350109409190372
1,0.0,0,0.0,0,123,1,0,107,971,2047,0,0.47412109375,0.11008230452674897
1,0.24,1,0.24,0,0,0,0,5,497,438,0,1.132118451025057,0.010040160642570281
1,0.14,2,0.0,0,0,0,1,7,99,132,0,0.7443609022556391,0.07
1,0.0,0,0.0,0,0,0,1,21,193,413,0,0.46618357487922707,0.10824742268041238
1,0.0,2,0.0,0,40,0,0,65,492,689,0,0.7130434782608696,0.13184584178498987
1,0.29,2,0.0,0,0,0,0,10,167,164,0,1.0121212121212122,0.05952380952380952
1,0.0,2,0.0,0,33,0,1,59,99,178,0,0.553072625698324,0.59
1,0.0,0,0.0,0,0,0,1,137,916,1142,0,0.8013998250218722,0.14940021810250817
1,0.0,2,0.0,0,5,0,1,10,196,209,0,0.9333333333333333,0.050761421319796954
1,0.0,1,0.0,0,0,0,1,571,765,424,0,1.8,0.7454308093994778
1,0.18,2,0.0,0,23,0,1,24,45,80,0,0.5555555555555556,0.5217391304347826
1,0.0,1,0.0,0,35,1,0,328,634,719,0,0.8805555555555555,0.5165354330708661
1,0.0,4,0.0,0,150,1,0,161,1383,7500,0,0.18437541661111853,0.11632947976878613
1,0.0,1,0.0,0,26,0,1,280,650,703,0,0.9232954545454546,0.43010752688172044
1,0.0,2,0.0,0,149,0,1,92,484,3296,0,0.14680012132241432,0.18969072164948453
1,0.0,3,0.0,0,129,0,0,31,200,270,0,0.7380073800738007,0.15422885572139303
1,0.0,2,0.0,0,0,0,0,0,192,65,0,2.909090909090909,0.0
1,0.0,0,0.0,0,18,0,1,25,553,610,0,0.9050736497545008,0.04512635379061372
1,0.0,2,0.0,0,74,1,0,921,27477,7202,0,3.8146605581007913,0.03351772326952471
1,0.0,2,0.0,0,0,1,1,1020,464,1039,0,0.4461538461538462,2.193548387096774
1,0.0,1,0.0,0,59,0,0,301,1057,524,0,2.013333333333333,0.2844990548204159
1,0.0,3,0.0,0,148,0,0,9,413,138,0,2.971223021582734,0.021739130434782608
1,0.0,0,0.0,0,0,1,0,158,389,806,0,0.48203221809169766,0.40512820512820513
1,0.29,1,0.0,0,15,0,0,43,505,503,0,1.001984126984127,0.08498023715415019
1,0.0,12,0.0,0,46,0,1,24,941,1208,0,0.7783291976840364,0.025477707006369428
1,0.0,2,0.0,0,5,0,1,60,2598,802,0,3.2353673723536738,0.02308580223162755
1,0.0,1,0.0,0,98,0,0,4,59,111,0,0.5267857142857143,0.06666666666666667
1,0.0,2,0.0,0,55,0,0,220,622,475,0,1.3067226890756303,0.35313001605136435
1,0.0,2,0.0,0,19,1,0,1159,2719,1061,0,2.5602636534839927,0.4261029411764706
1,0.36,5,0.0,0,71,0,0,8,216,305,0,0.7058823529411765,0.03686635944700461
1,0.22,2,0.0,0,133,0,0,396,881,375,0,2.3430851063829787,0.4489795918367347
1,0.08,2,0.0,0,150,1,0,38,870,72,0,11.917808219178083,0.04362801377726751
1,0.0,2,0.0,0,43,0,1,1,265,371,0,0.7123655913978495,0.0037593984962406013
1,0.15,2,0.0,0,37,0,1,2,1204,633,0,1.8990536277602523,0.0016597510373443983
1,0.0,1,0.0,0,35,0,1,43,655,1016,0,0.6440511307767945,0.06554878048780488
1,0.0,2,0.0,0,87,0,0,131,1662,1065,0,1.5590994371482176,0.07877330126277811
1,0.14,2,0.0,0,59,0,0,7,14222,7399,0,1.921891891891892,0.0004921605849680095
1,0.0,2,0.0,0,0,0,0,57,483,1216,0,0.39687756778964667,0.11776859504132231
1,0.0,3,0.0,0,0,0,0,36,1204,2928,0,0.4110617958347559,0.02987551867219917
1,0.0,2,0.0,0,9,0,1,91,408,635,0,0.6415094339622641,0.22249388753056235
1,0.0,2,0.0,0,12,0,1,8,303,417,0,0.7248803827751196,0.02631578947368421
1,0.1,0,0.0,0,0,0,0,11,125,101,0,1.2254901960784315,0.0873015873015873
1,0.09,1,0.0,0,0,0,0,252,229,383,0,0.5963541666666666,1.0956521739130434
1,0.15,3,0.0,0,95,1,1,15,357,489,0,0.7285714285714285,0.04189944134078212
1,0.0,1,0.0,0,0,0,0,74,137,96,0,1.4123711340206186,0.5362318840579711
1,0.0,2,0.0,0,46,0,1,83,255,535,0,0.47574626865671643,0.32421875
1,0.0,3,0.0,0,123,0,1,126,87,399,0,0.2175,1.4318181818181819
1,0.0,6,0.0,0,117,1,0,663,326946,3,0,81736.5,0.0020278516089763782
1,0.0,1,0.0,0,26,0,1,0,114,446,0,0.2550335570469799,0.0
1,0.0,0,0.0,0,0,0,1,10,167,387,0,0.43041237113402064,0.05952380952380952
1,0.0,2,0.0,0,58,0,1,8,1247,1196,0,1.0417710944026735,0.00641025641025641
1,0.0,1,0.0,0,0,0,0,24,585,1364,0,0.42857142857142855,0.040955631399317405
1,0.0,1,0.0,0,30,0,1,65,135,232,0,0.5793991416309013,0.47794117647058826
1,0.0,3,0.0,0,62,1,0,64,722,261,0,2.7557251908396947,0.08852005532503458
1,0.45,1,0.25,0,137,1,0,664,714,1159,0,0.6155172413793103,0.9286713286713286
1,0.0,2,0.0,0,149,1,0,130,39867,4664,0,8.545980707395499,0.0032607605096819504
0,0.0,0,0.0,0,14,0,1,131,533,1060,0,0.5023562676720076,0.24531835205992508
1,0.0,2,0.0,0,19,0,1,917,1158,3932,0,0.2944317315026697,0.7911993097497843
1,0.0,10,0.0,0,131,1,0,2,45834,280,0,163.1103202846975,4.363477691720301e-05
1,0.0,2,0.0,0,0,0,0,142,876,529,0,1.6528301886792454,0.1619156214367161
1,0.09,5,0.0,0,5,0,0,165,3003,455,0,6.5855263157894735,0.05492676431424767
1,0.09,2,0.0,0,0,0,0,80,1298,407,0,3.1813725490196076,0.061585835257890686
1,0.0,2,0.0,0,11,0,1,32,3800,278,0,13.620071684587813,0.008418837148118917
1,0.0,2,0.0,0,0,0,1,81,1358,127,0,10.609375,0.059602649006622516
1,0.0,2,0.0,0,27,1,0,334,6741307,111,0,60190.24107142857,4.9545281123485236e-05
1,0.38,2,0.0,0,10,1,0,8,791,456,0,1.7308533916849016,0.010101010101010102
1,0.0,2,0.0,0,72,1,0,373,732075,363,0,2011.1950549450548,0.0005095099415907638
1,0.0,2,0.0,0,3,0,1,56,373,360,0,1.0332409972299168,0.1497326203208556
1,0.0,3,0.0,0,51,0,1,7,162,311,0,0.5192307692307693,0.04294478527607362
1,0.0,1,0.0,0,44,0,1,12,309,364,0,0.8465753424657534,0.03870967741935484
1,0.0,2,0.0,0,0,0,0,5,135,176,0,0.7627118644067796,0.03676470588235294
1,0.0,2,0.0,0,73,1,0,77,244,172,0,1.4104046242774566,0.3142857142857143
1,0.18,1,0.0,0,70,0,1,93,67,149,0,0.44666666666666666,1.3676470588235294
1,0.0,2,0.0,0,35,0,0,192,984,76,0,12.779220779220779,0.1949238578680203
1,0.0,2,0.0,0,13,0,1,8,751,1223,0,0.613562091503268,0.010638297872340425
1,0.0,4,0.25,0,105,0,1,145,781,529,0,1.4735849056603774,0.18542199488491048
1,0.0,1,0.33,0,91,0,0,135,1761,905,0,1.9437086092715232,0.07661748013620885
1,0.14,2,0.0,0,0,0,1,18,318,523,0,0.6068702290076335,0.05642633228840126
1,0.0,2,0.0,0,48,0,0,222,5282,652,0,8.088820826952526,0.04202157864849517
1,0.0,2,0.0,0,48,0,0,222,5282,652,0,8.088820826952526,0.04202157864849517
1,0.0,2,0.0,0,126,1,1,5,228,238,0,0.9539748953974896,0.021834061135371178
1,0.0,2,0.0,0,0,1,1,119,393,502,0,0.7813121272365805,0.3020304568527919
1,0.0,2,0.0,0,53,0,0,201,875,754,0,1.1589403973509933,0.22945205479452055
1,0.0,0,0.0,0,8,0,1,12,173,373,0,0.4625668449197861,0.06896551724137931
1,0.0,1,0.0,0,67,0,0,301,3896490,351,0,11069.573863636364,7.724899146437141e-05
1,0.0,1,0.0,0,20,0,0,20,106,133,0,0.7910447761194029,0.18691588785046728
1,0.08,2,0.0,0,26,1,0,112,206,32,0,6.242424242424242,0.5410628019323671
1,0.0,0,0.0,0,86,0,1,54,259,1371,0,0.18877551020408162,0.2076923076923077
1,0.0,1,0.0,0,51,0,1,98,1013,996,0,1.0160481444332998,0.09664694280078895
1,0.11,4,0.0,0,26,1,0,16,738,544,0,1.3541284403669724,0.02165087956698241
1,0.0,0,0.0,0,18,0,1,133,1008,517,0,1.945945945945946,0.13181367690782952
1,0.0,2,0.0,0,96,1,0,142,2441,396,0,6.148614609571789,0.05814905814905815
1,0.0,2,0.0,0,17,0,0,63,416,292,0,1.4197952218430034,0.1510791366906475
1,0.0,2,0.0,0,0,0,1,70,516,463,0,1.1120689655172413,0.13539651837524178
1,0.0,2,0.0,0,62,1,0,403,8711,345,0,25.17630057803468,0.04625803489439853
1,0.0,2,0.0,0,86,0,0,15,433,584,0,0.7401709401709402,0.03456221198156682
1,0.0,2,0.0,0,148,1,0,990,18515,1000,0,18.496503496503497,0.053467271548930655
1,0.0,2,0.0,0,1,0,1,12,70,67,0,1.0294117647058822,0.16901408450704225
1,0.22,3,0.0,0,39,0,0,26,5863,157,0,37.107594936708864,0.004433833560709414
1,0.36,2,0.0,0,35,0,0,2,1677,716,0,2.3389121338912133,0.0011918951132300357
1,0.0,0,0.0,0,103,0,0,24,617,272,0,2.26007326007326,0.038834951456310676
1,0.0,2,0.0,0,0,1,0,411,31182,414,0,75.13734939759036,0.013180258474168618
1,0.0,2,0.0,0,61,0,1,217,1152,292,0,3.931740614334471,0.18820468343451865
1,0.15,1,0.0,0,44,0,0,156,8578,164,0,51.987878787878785,0.018183937521855695
1,0.0,1,0.0,0,0,0,0,389,4347,748,0,5.803738317757009,0.08946642134314628
1,0.0,1,0.0,0,0,0,1,8,319,335,0,0.9494047619047619,0.025
1,0.0,1,0.0,0,0,0,1,3,189,177,0,1.0617977528089888,0.015789473684210527
1,0.0,1,0.0,0,112,0,1,22,743,331,0,2.2379518072289155,0.02956989247311828
1,0.18,1,0.0,0,123,0,0,59,11204,124,0,89.632,0.005265506470325748
1,0.0,3,0.0,0,24,0,1,144,419,271,0,1.5404411764705883,0.34285714285714286
1,0.0,2,0.0,0,34,0,0,2,81,268,0,0.30111524163568776,0.024390243902439025
1,0.0,1,0.0,0,19,0,0,78,947,582,0,1.6243567753001715,0.08227848101265822
1,0.0,2,0.0,0,0,0,0,28,206,333,0,0.6167664670658682,0.13526570048309178
1,0.0,2,0.0,0,42,0,0,111,541,701,0,0.7706552706552706,0.2047970479704797
1,0.18,3,0.0,0,50,0,0,6,392,237,0,1.6470588235294117,0.015267175572519083
1,0.22,5,0.0,0,67,0,0,4,4177,3678,0,1.1353628703452026,0.0009573958831977022
1,0.17,2,0.0,0,134,1,0,31,265,321,0,0.8229813664596274,0.11654135338345864
1,0.0,2,0.0,0,101,0,0,86,272,1486,0,0.18291862811028917,0.315018315018315
1,0.0,2,0.0,0,0,0,0,240,425,917,0,0.46296296296296297,0.5633802816901409
1,0.0,3,0.0,0,0,0,1,11,150,178,0,0.8379888268156425,0.0728476821192053
1,0.0,2,0.0,0,17,0,1,44,711,673,0,1.0548961424332344,0.06179775280898876
1,0.0,2,0.0,0,0,0,1,9,89,121,0,0.7295081967213115,0.1
1,0.0,2,0.0,0,32,0,1,62,742,653,0,1.1345565749235473,0.08344549125168237
1,0.0,2,0.0,0,0,0,0,0,96,50,0,1.8823529411764706,0.0
1,0.0,1,0.0,1,80,1,1,15,77,107,0,0.7129629629629629,0.19230769230769232
1,0.0,2,0.0,0,2,0,1,53,195,395,0,0.49242424242424243,0.27040816326530615
1,0.0,2,0.0,0,0,0,1,2,9,13,0,0.6428571428571429,0.2
1,0.0,1,0.0,0,146,1,0,52,10794,3164,0,3.41042654028436,0.004817044928207503
1,0.19,0,0.0,0,0,0,0,1,104,15,0,6.5,0.009523809523809525
1,0.0,0,0.0,0,0,1,1,62,318,569,0,0.5578947368421052,0.19435736677115986
1,0.18,1,0.0,0,0,0,0,247,355,137,0,2.572463768115942,0.6938202247191011
1,0.31,1,0.0,0,0,0,1,9,99,488,0,0.20245398773006135,0.09
1,0.0,0,0.0,0,6,0,0,13,300,372,0,0.8042895442359249,0.04318936877076412
1,0.15,1,0.0,0,0,0,0,204,139,61,0,2.2419354838709675,1.457142857142857
1,0.0,2,0.0,0,0,0,1,0,13,77,0,0.16666666666666666,0.0
1,0.22,1,0.14,0,0,0,1,51,606,430,0,1.406032482598608,0.08401976935749589
1,0.0,1,0.0,0,64,0,0,15,428,333,0,1.281437125748503,0.03496503496503497
1,0.0,1,0.0,0,0,0,0,108,494,545,0,0.9047619047619048,0.21818181818181817
1,0.24,0,0.0,0,0,0,1,353,1261,2187,0,0.5763254113345521,0.2797147385103011
1,0.0,1,0.0,0,0,0,1,5,68,87,0,0.7727272727272727,0.07246376811594203
1,0.0,2,0.0,0,49,1,0,560,205558,53,0,3806.6296296296296,0.0027242786742492425
1,0.0,2,0.0,0,23,0,0,85,668,609,0,1.0950819672131147,0.12705530642750373
1,0.0,2,0.0,0,120,1,0,95,1456,555,0,2.618705035971223,0.06520247083047358
1,0.14,2,0.0,0,34,0,0,14,410,387,0,1.056701030927835,0.0340632603406326
1,0.0,3,0.0,0,25,0,1,52,298,555,0,0.5359712230215827,0.17391304347826086
1,0.0,2,0.0,0,0,0,1,7,254,345,0,0.7341040462427746,0.027450980392156862
1,0.0,2,0.0,0,12,0,0,197,1070,1072,0,0.9972041006523765,0.1839402427637722
1,0.17,2,0.0,0,0,0,1,89,1167,618,0,1.8852988691437802,0.0761986301369863
1,0.0,2,0.0,0,9,0,1,34,335,300,0,1.1129568106312293,0.10119047619047619
1,0.08,2,0.0,0,1,0,0,283,346,426,0,0.810304449648712,0.8155619596541787
1,0.0,2,0.0,0,18,0,1,65,1746,1631,0,1.0698529411764706,0.03720663995420721
1,0.0,2,0.0,0,34,0,1,126,268,370,0,0.7223719676549866,0.4684014869888476
1,0.0,3,0.0,0,23,0,1,327,537,1002,0,0.5353938185443669,0.6078066914498141
1,0.0,1,0.0,0,19,0,1,42,805,488,0,1.6462167689161553,0.052109181141439205
1,0.0,2,0.0,0,139,0,0,36,1504,52,0,28.37735849056604,0.023920265780730896
1,0.0,2,0.0,0,13,0,1,3,104,119,0,0.8666666666666667,0.02857142857142857
1,0.0,2,0.0,0,50,0,0,53,380,462,0,0.8207343412526998,0.13910761154855644
1,0.0,3,0.0,0,46,1,1,7,257,346,0,0.7406340057636888,0.027131782945736434
1,0.0,1,0.0,0,30,0,1,103,1775,7500,0,0.2366351153179576,0.05799549549549549
1,0.3,2,0.0,0,26,0,1,241,1456,1200,0,1.212323064113239,0.16540837336993822
1,0.0,0,0.0,0,0,0,1,103,265,264,0,1.0,0.38721804511278196
1,0.0,1,0.0,0,0,0,1,93,1051,694,0,1.5122302158273382,0.08840304182509506
1,0.11,1,0.0,0,0,0,0,1,77,34,0,2.2,0.01282051282051282
0,0.0,1,0.0,0,27,0,1,16,220,323,0,0.6790123456790124,0.07239819004524888
1,0.07,2,0.0,0,37,1,1,32,178,81,0,2.1707317073170733,0.1787709497206704
1,0.0,1,0.0,0,31,0,1,1232,728,1213,0,0.5996705107084019,1.6899862825788752
1,0.0,1,0.0,0,20,0,1,75,668,294,0,2.2644067796610168,0.11210762331838565
1,0.0,2,0.0,0,7,0,0,5,406,408,0,0.9926650366748166,0.012285012285012284
1,0.0,2,0.0,0,0,0,0,3,37,22,0,1.608695652173913,0.07894736842105263
1,0.0,2,0.0,0,0,0,1,30,56,114,0,0.48695652173913045,0.5263157894736842
0,0.22,1,0.0,0,0,0,0,0,90,333,1,0.2694610778443114,0.0
0,0.38,1,0.0,0,0,0,0,0,60,31,1,1.875,0.0
0,0.43,1,0.0,0,0,0,1,2,271,445,1,0.6076233183856502,0.007352941176470588
1,0.0,0,0.0,0,0,0,1,3,1,80,1,0.012345679012345678,1.5
1,0.5,3,0.0,0,24,0,1,13,158,309,1,0.5096774193548387,0.08176100628930817
0,0.31,2,0.0,0,0,0,0,0,39,64,1,0.6,0.0
0,0.22,1,0.22,0,43,0,1,1,0,11,1,0.0,1.0
0,0.0,1,0.0,0,0,0,1,0,0,853,1,0.0,0.0
1,0.25,1,0.0,0,0,0,1,10,0,23,1,0.0,10.0
0,0.0,2,0.0,0,0,0,0,0,12,5,1,2.0,0.0
0,0.33,1,0.0,0,0,0,0,0,10,18,1,0.5263157894736842,0.0
0,0.33,1,0.0,0,0,0,1,0,1,34,1,0.02857142857142857,0.0
0,0.0,1,0.0,0,0,0,0,0,1,8,1,0.1111111111111111,0.0
0,0.0,0,0.0,0,0,0,1,0,0,0,1,0.0,0.0
0,0.12,1,0.0,0,0,0,1,0,31,213,1,0.14485981308411214,0.0
0,0.18,1,0.0,0,0,0,1,0,5,10,1,0.45454545454545453,0.0
0,0.5,1,0.0,0,0,0,1,5,18,58,1,0.3050847457627119,0.2631578947368421
1,0.5,1,0.0,0,0,0,1,0,12,77,1,0.15384615384615385,0.0
0,0.5,1,0.0,0,0,0,1,0,6,37,1,0.15789473684210525,0.0
1,0.57,1,0.0,0,0,0,0,0,47,10,1,4.2727272727272725,0.0
0,0.45,3,0.0,0,0,0,0,0,33,4,1,6.6,0.0
0,0.5,1,0.0,0,0,0,1,141,4,279,1,0.014285714285714285,28.2
0,0.57,1,0.0,0,0,0,1,6,5,15,1,0.3125,1.0
1,0.0,1,0.0,0,0,0,1,1,0,44,1,0.0,1.0
0,0.44,1,0.43,0,0,0,1,0,5,17,1,0.2777777777777778,0.0
0,0.0,1,0.0,0,0,0,1,1,107,42,1,2.488372093023256,0.009259259259259259
1,0.88,1,0.0,0,0,0,1,39,8,60,1,0.13114754098360656,4.333333333333333
0,0.0,1,0.0,0,0,0,0,0,48,6,1,6.857142857142857,0.0
0,0.22,0,0.0,0,0,0,1,9,2,215,1,0.009259259259259259,3.0
0,0.0,2,0.0,0,0,0,1,0,51,126,1,0.4015748031496063,0.0
1,0.0,1,0.0,0,43,0,1,21,5,48,1,0.10204081632653061,3.5
0,0.0,1,0.0,0,0,0,1,0,0,802,1,0.0,0.0
0,0.55,1,0.0,0,0,0,0,0,26,46,1,0.5531914893617021,0.0
0,0.07,1,0.0,0,0,0,1,0,0,601,1,0.0,0.0
1,0.8,1,0.0,0,13,0,1,3,76,168,1,0.44970414201183434,0.03896103896103896
0,0.0,1,0.4,0,0,0,1,0,165,689,1,0.2391304347826087,0.0
0,0.0,1,0.0,0,0,0,0,0,115,230,1,0.49783549783549785,0.0
0,0.31,1,0.36,0,0,0,0,0,6,15,1,0.375,0.0
0,0.4,1,0.0,0,0,0,0,0,24,49,1,0.48,0.0
0,0.33,1,0.0,0,0,0,1,0,40,236,1,0.16877637130801687,0.0
0,0.0,1,0.0,0,0,0,1,6,32,52,1,0.6037735849056604,0.18181818181818182
0,0.33,1,0.33,1,0,0,1,0,0,35,1,0.0,0.0
0,0.36,1,0.0,0,0,0,0,0,21,44,1,0.4666666666666667,0.0
1,0.55,1,0.29,0,0,0,1,1,79,767,1,0.10286458333333333,0.0125
1,0.41,1,0.0,0,0,0,1,4,8,37,1,0.21052631578947367,0.4444444444444444
1,0.43,0,0.0,0,0,0,0,0,49,79,1,0.6125,0.0
0,0.11,1,0.11,1,0,0,1,0,31,91,1,0.33695652173913043,0.0
1,0.0,1,0.0,1,0,0,1,0,15,41,1,0.35714285714285715,0.0
1,0.25,1,0.0,0,0,0,0,0,4,3,1,1.0,0.0
1,0.44,1,0.0,0,0,0,1,0,0,229,1,0.0,0.0
1,0.3,0,0.0,0,0,0,1,17,316,1165,1,0.27101200686106347,0.05362776025236593
0,0.1,1,0.0,0,0,0,1,0,0,0,1,0.0,0.0
0,0.0,1,0.0,0,0,0,0,1,3,1,1,1.5,0.25
0,0.0,2,0.0,0,0,0,0,0,2,30,1,0.06451612903225806,0.0
1,0.29,2,0.0,0,9,0,1,7,221,244,1,0.9020408163265307,0.03153153153153153
0,0.0,1,0.0,0,0,0,0,13,181,935,1,0.19337606837606838,0.07142857142857142
0,0.0,2,0.0,0,0,0,1,0,9,167,1,0.05357142857142857,0.0
0,0.67,1,0.0,0,0,0,0,0,2,0,1,2.0,0.0
1,0.31,1,0.31,1,0,0,1,0,25,86,1,0.28735632183908044,0.0
1,0.0,3,0.0,0,18,0,0,5,26,129,1,0.2,0.18518518518518517
1,0.89,1,0.89,0,0,0,1,124,15,305,1,0.049019607843137254,7.75
1,0.0,1,0.0,0,10,0,0,9,59,48,1,1.2040816326530612,0.15
0,0.2,1,0.2,1,61,0,1,5,7,47,1,0.14583333333333334,0.625
0,0.12,1,0.0,0,0,0,1,2,40,179,1,0.2222222222222222,0.04878048780487805
0,0.0,1,0.0,0,0,0,0,0,51,41,1,1.2142857142857142,0.0
1,0.0,5,0.0,0,0,0,0,150,133,750,1,0.17709720372836218,1.1194029850746268
1,0.0,0,0.0,0,0,0,1,29,25,39,1,0.625,1.1153846153846154
1,0.18,1,0.0,0,0,0,1,108,864,3646,1,0.23690704688785302,0.12485549132947976
1,0.0,0,0.0,0,0,0,0,77,73,35,1,2.0277777777777777,1.0405405405405406
1,0.38,1,0.4,0,0,0,1,3,184,170,1,1.0760233918128654,0.016216216216216217
1,0.43,1,0.0,0,0,0,1,7,161,333,1,0.4820359281437126,0.043209876543209874
1,0.22,1,0.22,1,0,0,1,3,42,694,1,0.060431654676258995,0.06976744186046512
1,0.0,1,0.0,0,22,0,1,131,279,1124,1,0.248,0.46785714285714286
1,0.0,1,0.0,0,0,0,0,40,219,155,1,1.4038461538461537,0.18181818181818182
1,0.24,1,0.24,1,0,0,1,4,18,106,1,0.16822429906542055,0.21052631578947367
1,0.44,1,0.0,0,0,0,1,84,106,171,1,0.6162790697674418,0.7850467289719626
1,0.5,0,0.0,0,2,0,1,299,34,108,1,0.3119266055045872,8.542857142857143
0,0.0,1,0.0,0,0,0,0,11,42,26,1,1.5555555555555556,0.2558139534883721
1,0.16,0,0.0,0,146,0,1,0,1,13,1,0.07142857142857142,0.0
0,0.89,0,0.0,0,0,0,1,0,38,68,1,0.5507246376811594,0.0
1,0.58,1,0.36,0,6,0,1,1,34,44,1,0.7555555555555555,0.02857142857142857
1,0.29,1,0.0,0,50,0,1,4,23,151,1,0.1513157894736842,0.16666666666666666
1,0.3,1,0.0,0,0,0,1,0,23,37,1,0.6052631578947368,0.0
0,0.5,2,0.0,0,0,0,0,0,83,139,1,0.5928571428571429,0.0
0,0.4,1,0.0,0,0,0,0,0,25,28,1,0.8620689655172413,0.0
1,0.0,0,0.0,0,39,0,1,3,13,38,1,0.3333333333333333,0.21428571428571427
0,0.25,1,0.0,0,0,0,0,0,64,60,1,1.0491803278688525,0.0
0,0.36,1,0.0,0,0,0,0,0,90,69,1,1.2857142857142858,0.0
0,0.33,2,0.0,0,0,0,0,0,82,6,1,11.714285714285714,0.0
0,0.0,0,0.0,0,0,0,0,0,140,319,1,0.4375,0.0
0,0.36,1,0.0,0,0,0,1,0,0,29,1,0.0,0.0
1,0.3,1,0.0,0,5,0,1,1,51,420,1,0.12114014251781473,0.019230769230769232
1,0.12,1,0.0,0,91,0,0,7,38,87,1,0.4318181818181818,0.1794871794871795
0,0.33,1,0.38,0,2,0,1,3,21,733,1,0.02861035422343324,0.13636363636363635
1,0.38,1,0.0,0,0,0,1,0,5,121,1,0.040983606557377046,0.0
1,0.4,1,0.0,0,0,0,1,0,21,45,1,0.45652173913043476,0.0
0,0.57,0,0.0,0,0,0,1,5,124,249,1,0.496,0.04
0,0.22,1,0.0,0,0,0,1,0,5,56,1,0.08771929824561403,0.0
1,0.38,1,0.0,0,37,0,1,1,2,16,1,0.11764705882352941,0.3333333333333333
0,0.64,2,0.0,0,0,0,0,0,42,46,1,0.8936170212765957,0.0
1,0.33,1,0.33,0,0,0,1,12,48,45,1,1.0434782608695652,0.24489795918367346
0,0.31,1,0.31,1,0,0,0,0,32,25,1,1.2307692307692308,0.0
0,0.0,1,0.0,0,0,0,1,0,0,71,1,0.0,0.0
0,0.25,1,0.0,0,0,0,0,0,0,0,1,0.0,0.0
1,0.12,1,0.0,0,0,0,1,1,10,104,1,0.09523809523809523,0.09090909090909091
1,0.38,1,0.0,0,0,0,1,92,19,31,1,0.59375,4.6
0,0.31,1,0.0,0,0,0,1,0,138,99,1,1.38,0.0
0,0.2,0,0.0,0,0,0,1,0,11,157,1,0.06962025316455696,0.0
0,0.0,1,0.0,0,0,0,1,0,1,64,1,0.015384615384615385,0.0
0,0.42,1,0.0,0,0,0,0,0,39,40,1,0.9512195121951219,0.0
1,0.0,0,0.0,0,148,0,0,21,446,1762,1,0.25297787861599547,0.04697986577181208
1,0.57,1,0.0,0,0,0,1,7,9,82,1,0.10843373493975904,0.7
0,0.0,0,0.0,0,0,0,0,9,589,2980,1,0.19758470311975848,0.015254237288135594
0,0.06,1,0.0,0,0,0,0,0,27,63,1,0.421875,0.0
1,0.0,2,0.0,0,0,0,0,14,143,500,1,0.28542914171656686,0.09722222222222222
0,0.0,2,0.0,0,0,0,1,0,0,177,1,0.0,0.0
0,0.0,3,0.0,0,0,0,1,0,0,130,1,0.0,0.0
0,0.21,1,0.0,0,0,0,0,3,124,135,1,0.9117647058823529,0.024
1,0.07,0,0.0,0,0,0,1,0,12,192,1,0.06217616580310881,0.0
0,0.42,1,0.0,0,0,0,0,0,16,36,1,0.43243243243243246,0.0
0,0.21,1,0.0,0,0,0,0,1,1,2,1,0.3333333333333333,0.5
0,0.38,1,0.0,0,0,0,0,1,120,181,1,0.6593406593406593,0.008264462809917356
0,0.0,2,0.0,0,0,0,1,0,0,71,1,0.0,0.0
0,0.0,1,0.0,0,0,0,0,1,26,8,1,2.888888888888889,0.037037037037037035
1,0.14,3,0.0,0,0,0,0,0,57,167,1,0.3392857142857143,0.0
0,0.15,2,0.0,0,0,0,0,1,13,22,1,0.5652173913043478,0.07142857142857142
1,0.0,4,0.0,0,149,0,0,28,1031,208,1,4.9330143540669855,0.027131782945736434
1,0.18,1,0.0,0,0,0,0,0,42,146,1,0.2857142857142857,0.0
1,0.33,2,0.0,0,0,0,0,25,70,64,1,1.0769230769230769,0.352112676056338
1,0.18,1,0.0,0,0,0,1,0,0,8,1,0.0,0.0
1,0.3,1,0.0,0,0,0,0,0,46,92,1,0.4946236559139785,0.0
1,0.43,2,0.0,0,0,0,0,111,834,4118,1,0.202476329206118,0.13293413173652693
0,0.0,2,0.0,0,22,0,1,2,389,392,1,0.989821882951654,0.005128205128205128
1,0.33,0,0.0,0,0,0,0,0,43,221,1,0.19369369369369369,0.0
0,0.33,1,0.0,0,0,0,1,0,23,40,1,0.5609756097560976,0.0
0,0.0,1,0.0,0,0,0,1,0,5,82,1,0.060240963855421686,0.0
0,0.71,0,0.0,0,0,0,1,0,4,25,1,0.15384615384615385,0.0
0,0.5,1,0.0,0,0,0,0,0,17,44,1,0.37777777777777777,0.0
1,0.25,1,0.0,0,2,0,1,5,182,227,1,0.7982456140350878,0.0273224043715847
1,0.33,1,0.0,0,0,0,0,10,108,304,1,0.3540983606557377,0.09174311926605505
0,0.5,1,0.33,0,0,0,0,3,43,123,1,0.3467741935483871,0.06818181818181818
0,0.29,1,0.0,0,0,0,0,19,77,8,1,8.555555555555555,0.24358974358974358
0,0.09,1,0.0,0,0,0,0,0,32,87,1,0.36363636363636365,0.0
0,0.25,1,0.0,0,0,0,1,0,0,11,1,0.0,0.0
1,0.13,1,0.0,0,0,0,1,8,40,66,1,0.5970149253731343,0.1951219512195122
0,0.33,1,0.33,1,20,0,0,2,53,303,1,0.17434210526315788,0.037037037037037035
1,0.14,2,0.0,0,0,0,0,10,67,90,1,0.7362637362637363,0.14705882352941177
1,0.0,3,0.0,0,0,0,0,29,122,336,1,0.3620178041543027,0.23577235772357724
0,0.0,2,0.0,0,0,0,0,0,18,49,1,0.36,0.0
0,0.4,1,0.0,0,0,0,1,0,24,88,1,0.2696629213483146,0.0
1,0.0,1,0.0,0,0,0,0,2,35,136,1,0.25547445255474455,0.05555555555555555
1,0.4,1,0.4,1,0,0,1,3,119,151,1,0.7828947368421053,0.025
1,0.1,1,0.0,0,0,0,1,5,6,24,1,0.24,0.7142857142857143
0,0.43,1,0.4,0,0,0,0,0,34,26,1,1.2592592592592593,0.0
1,0.0,3,0.0,0,148,0,0,63,272,295,1,0.918918918918919,0.23076923076923078
1,0.44,2,0.0,0,0,0,0,1,53,137,1,0.38405797101449274,0.018518518518518517
1,0.33,0,0.0,0,50,0,1,4,818,618,1,1.321486268174475,0.004884004884004884
1,0.0,3,0.0,0,0,0,0,34,82,74,1,1.0933333333333333,0.40963855421686746
1,0.38,2,0.0,0,2,0,0,0,40,233,1,0.17094017094017094,0.0
1,0.4,0,0.0,0,0,0,1,0,21,76,1,0.2727272727272727,0.0
1,0.33,1,0.0,0,0,0,0,6,59,38,1,1.5128205128205128,0.1
1,0.12,1,0.0,0,0,0,0,2,102,109,1,0.9272727272727272,0.019417475728155338
1,0.29,0,0.0,0,0,0,1,7,576,474,1,1.2126315789473685,0.012131715771230503
0,0.57,2,0.4,0,0,0,0,0,19,16,1,1.1176470588235294,0.0
1,0.0,0,0.0,0,0,0,1,0,66,161,1,0.4074074074074074,0.0
1,0.0,1,0.0,0,0,0,1,5,310,894,1,0.3463687150837989,0.01607717041800643
1,0.0,1,0.0,1,34,0,1,0,16,17,1,0.8888888888888888,0.0
0,0.0,1,0.0,0,0,0,0,0,15,4,1,3.0,0.0
1,0.07,1,0.0,0,0,0,1,0,47,98,1,0.47474747474747475,0.0
1,0.0,1,0.0,1,0,0,0,4,88,61,1,1.4193548387096775,0.0449438202247191
1,0.27,1,0.0,0,0,0,1,1,51,59,1,0.85,0.019230769230769232
1,0.0,2,0.0,0,0,0,0,26,505,2330,1,0.21664521664521663,0.05138339920948617
1,0.36,1,0.0,0,0,0,0,9,159,433,1,0.3663594470046083,0.05625
1,0.29,1,0.33,0,0,0,1,4,77,1269,1,0.06062992125984252,0.05128205128205128
1,0.83,1,0.0,0,32,0,0,4,61,76,1,0.7922077922077922,0.06451612903225806
0,0.67,1,0.0,0,0,0,1,0,7,14,1,0.4666666666666667,0.0
1,0.38,1,0.33,0,0,0,1,0,11,60,1,0.18032786885245902,0.0
0,0.58,1,0.0,0,0,0,0,0,49,22,1,2.130434782608696,0.0
0,0.0,1,0.0,0,0,0,0,0,15,595,1,0.025167785234899327,0.0
1,0.2,2,0.0,0,0,0,0,1,1,9,1,0.1,0.5
0,0.0,1,0.0,0,0,0,0,0,17,1,1,8.5,0.0
0,0.29,2,0.0,0,0,0,0,0,15,1,1,7.5,0.0
1,0.25,1,0.0,0,59,0,0,28,358,1990,1,0.17980914113510799,0.07799442896935933
0,0.25,1,0.0,0,0,0,0,0,20,7,1,2.5,0.0
0,0.0,1,0.0,0,6,0,0,1,50,32,1,1.5151515151515151,0.0196078431372549
0,0.0,1,0.0,0,0,0,0,0,57,76,1,0.7402597402597403,0.0
0,0.31,1,0.0,0,0,0,0,2,12,15,1,0.75,0.15384615384615385
1,0.67,1,0.0,0,0,0,0,2,218,792,1,0.27490542244640603,0.0091324200913242
0,0.33,1,0.25,0,0,0,0,9,78,98,1,0.7878787878787878,0.11392405063291139
0,0.47,1,0.0,0,0,0,0,1,16,23,1,0.6666666666666666,0.058823529411764705
0,0.36,1,0.0,0,0,0,0,8,39,17,1,2.1666666666666665,0.2
0,0.0,1,0.0,0,0,0,0,0,15,1,1,7.5,0.0
0,0.4,0,0.0,0,0,0,0,0,30,48,1,0.6122448979591837,0.0
0,0.33,1,0.0,0,0,0,0,0,85,638,1,0.13302034428794993,0.0
0,0.33,1,0.0,0,0,0,0,0,77,747,1,0.10294117647058823,0.0
0,0.55,2,0.0,0,0,0,0,0,49,82,1,0.5903614457831325,0.0
0,0.27,1,0.27,1,0,0,0,0,16,24,1,0.64,0.0
0,0.44,1,0.0,0,0,0,0,0,8,6,1,1.1428571428571428,0.0
0,0.44,1,0.0,0,0,0,0,2,34,22,1,1.4782608695652173,0.05714285714285714
0,0.47,1,0.0,0,0,0,0,2,45,83,1,0.5357142857142857,0.043478260869565216
0,0.33,1,0.0,0,0,0,0,0,49,0,1,49.0,0.0
0,0.0,2,0.0,0,0,0,0,0,15,5,1,2.5,0.0
0,0.25,1,0.0,0,0,0,0,0,92,403,1,0.22772277227722773,0.0
1,0.91,1,0.0,0,0,0,0,0,75,26,1,2.7777777777777777,0.0
0,0.44,1,0.0,0,0,0,0,0,10,0,1,10.0,0.0
1,0.12,1,0.0,0,1,0,0,0,23,26,1,0.8518518518518519,0.0
0,0.2,1,0.0,0,0,0,0,0,22,11,1,1.8333333333333333,0.0
0,0.24,2,0.0,0,0,0,0,0,55,46,1,1.1702127659574468,0.0
0,0.27,1,0.0,0,0,0,0,0,16,0,1,16.0,0.0
0,0.25,1,0.0,0,0,0,0,0,7,20,1,0.3333333333333333,0.0
0,0.28,1,0.24,0,0,0,0,0,86,0,1,86.0,0.0
0,0.38,1,0.0,0,0,0,0,0,3,11,1,0.25,0.0
0,0.57,2,0.0,0,0,0,0,0,12,30,1,0.3870967741935484,0.0
1,0.44,1,0.0,0,0,0,0,1,14,56,1,0.24561403508771928,0.06666666666666667
0,0.47,1,0.0,0,0,0,0,0,24,22,1,1.0434782608695652,0.0
0,0.0,2,0.0,0,0,0,0,0,52,1,1,26.0,0.0
0,0.44,1,0.0,0,0,0,0,1,16,27,1,0.5714285714285714,0.058823529411764705
0,0.44,1,0.0,0,0,0,0,4,17,20,1,0.8095238095238095,0.2222222222222222
0,0.57,2,0.0,0,0,0,0,0,50,49,1,1.0,0.0
0,0.54,1,0.0,0,0,0,0,5,136,1029,1,0.13203883495145632,0.0364963503649635
1,0.43,1,0.0,0,0,0,0,10,178,1417,1,0.12552891396332863,0.055865921787709494
0,0.89,0,0.0,0,0,0,0,1,50,39,1,1.25,0.0196078431372549
1,0.38,1,0.0,0,0,0,0,2,207,2426,1,0.08529048207663782,0.009615384615384616
0,0.36,1,0.0,0,0,0,1,0,178,828,1,0.2147165259348613,0.0
0,0.0,1,0.0,1,0,0,0,0,16,26,1,0.5925925925925926,0.0
0,0.14,1,0.0,0,0,0,0,0,49,2,1,16.333333333333332,0.0
0,0.2,1,0.33,0,0,0,0,2,49,12,1,3.769230769230769,0.04
0,0.1,0,0.0,0,0,0,0,0,37,4,1,7.4,0.0
0,0.5,1,0.4,0,0,0,0,0,21,0,1,21.0,0.0
1,0.58,1,0.44,0,0,0,0,21,356,2176,1,0.16352779053743685,0.058823529411764705
0,0.44,2,0.0,0,0,0,0,0,46,4,1,9.2,0.0
0,0.22,1,0.33,0,0,0,0,0,49,0,1,49.0,0.0
0,0.0,1,0.0,0,0,0,0,0,49,58,1,0.8305084745762712,0.0
0,0.0,1,0.0,0,0,0,0,0,44,45,1,0.9565217391304348,0.0
0,0.13,2,0.0,0,0,0,0,0,42,240,1,0.17427385892116182,0.0
0,0.38,1,0.33,0,0,0,0,0,47,9,1,4.7,0.0
0,0.1,2,0.0,0,0,0,0,0,48,1,1,24.0,0.0
1,0.91,1,0.0,0,0,0,0,0,75,26,1,2.7777777777777777,0.0
0,0.08,1,0.0,0,0,0,0,0,115,289,1,0.39655172413793105,0.0
0,0.88,1,1.0,0,0,0,0,5,53,66,1,0.7910447761194029,0.09259259259259259
0,0.67,1,0.0,0,0,0,0,0,32,23,1,1.3333333333333333,0.0
0,0.44,1,0.0,0,0,0,0,0,39,153,1,0.2532467532467532,0.0
0,0.18,1,0.0,0,0,0,0,0,3033,1155,1,2.6237024221453287,0.0
0,0.25,1,0.0,0,0,0,0,0,3003,825,1,3.635593220338983,0.0
0,0.88,1,1.0,0,0,0,0,1,34,36,1,0.918918918918919,0.02857142857142857
0,0.36,1,0.0,0,0,0,0,37,218,1528,1,0.14257684761281883,0.1689497716894977
1,0.33,2,0.22,0,0,0,0,8,210,1543,1,0.13601036269430053,0.037914691943127965
1,0.2,2,0.0,0,19,0,0,4,1489,3715,1,0.40069967707212056,0.0026845637583892616
0,0.5,1,0.5,1,0,0,0,0,10,2,1,3.3333333333333335,0.0
0,0.33,1,0.0,0,0,0,0,28,201,812,1,0.24723247232472326,0.13861386138613863
0,0.0,2,0.0,0,0,0,0,0,351,2663,1,0.13175675675675674,0.0
0,0.43,1,0.0,0,0,0,0,0,52,16,1,3.0588235294117645,0.0
0,0.25,1,0.18,0,0,0,0,6,156,423,1,0.36792452830188677,0.03821656050955414
0,0.43,2,0.0,0,0,0,0,12,85,477,1,0.17782426778242677,0.13953488372093023
0,0.24,1,0.0,0,0,0,0,0,35,38,1,0.8974358974358975,0.0
0,0.44,1,0.0,0,0,0,0,0,55,28,1,1.896551724137931,0.0
0,0.27,2,0.0,0,43,0,1,0,16,51,1,0.3076923076923077,0.0
0,0.38,1,0.0,0,0,0,0,0,43,88,1,0.48314606741573035,0.0
0,0.4,1,0.0,0,0,0,0,2,97,408,1,0.2371638141809291,0.02040816326530612
0,0.57,1,0.57,1,0,0,0,2,34,112,1,0.3008849557522124,0.05714285714285714
0,0.0,1,0.0,1,0,0,0,0,2346,7272,1,0.3225629038911041,0.0
0,0.25,1,0.0,0,0,0,0,0,49,95,1,0.5104166666666666,0.0
1,0.19,0,0.0,0,0,0,1,2,2,55,1,0.03571428571428571,0.6666666666666666
0,0.46,1,0.46,1,0,0,0,2,40,19,1,2.0,0.04878048780487805
0,0.46,1,0.0,0,0,0,1,0,332,1333,1,0.24887556221889057,0.0
0,0.73,1,0.0,0,0,0,0,0,14,542,1,0.02578268876611418,0.0
1,0.6,1,0.5,0,0,0,0,12,65,162,1,0.3987730061349693,0.18181818181818182
1,0.46,1,0.5,0,0,0,0,1,20,52,1,0.37735849056603776,0.047619047619047616
0,0.31,1,0.31,1,0,0,0,0,26,27,1,0.9285714285714286,0.0
1,0.43,1,0.43,0,0,0,0,0,72,434,1,0.16551724137931034,0.0
1,0.0,1,0.0,0,0,0,0,1,55,2,1,18.333333333333332,0.017857142857142856
1,0.5,1,0.4,0,33,0,0,12,77,108,1,0.7064220183486238,0.15384615384615385
1,0.0,4,0.25,0,0,0,1,59,31,215,1,0.14351851851851852,1.84375
0,0.86,2,0.18,0,0,0,0,0,57,130,1,0.4351145038167939,0.0
0,0.62,1,0.0,0,0,0,1,0,58,347,1,0.16666666666666666,0.0
1,0.33,2,0.0,0,0,0,0,23,47,139,1,0.3357142857142857,0.4791666666666667
1,0.16,1,0.12,0,43,0,0,3,31,37,1,0.8157894736842105,0.09375
1,0.92,1,1.0,0,0,0,0,11,96,242,1,0.3950617283950617,0.1134020618556701
1,0.27,1,0.0,0,19,0,0,8,126,860,1,0.14634146341463414,0.06299212598425197
1,0.25,1,0.0,0,0,0,1,102,39,229,1,0.16956521739130434,2.55
1,0.43,1,0.0,0,5,0,0,6,66,161,1,0.4074074074074074,0.08955223880597014
1,0.31,3,0.0,0,0,0,0,25,87,698,1,0.12446351931330472,0.2840909090909091
1,0.2,1,0.0,0,28,0,0,0,15,64,1,0.23076923076923078,0.0
1,0.55,1,0.44,0,0,0,0,33,166,596,1,0.2780569514237856,0.19760479041916168
1,0.38,1,0.33,0,21,0,0,44,66,75,1,0.868421052631579,0.6567164179104478
1,0.57,2,0.0,0,0,0,0,4,96,339,1,0.2823529411764706,0.041237113402061855
1,0.57,1,0.0,0,11,0,0,0,57,73,1,0.7702702702702703,0.0
1,0.27,1,0.0,0,0,0,0,2,150,487,1,0.3073770491803279,0.013245033112582781
1,0.0,1,0.0,0,59,0,0,318,944,492,0,2.013333333333333,0.2844990548204159
1,0.33,2,0.0,0,0,0,0,26,62,60,0,1.0769230769230769,0.352112676056338
1,0.0,1,0.0,0,34,1,1,166,1132,844,1,1.4077777777777778,0.12381703470031545
0,0.5,2,0.0,0,0,0,0,0,74,130,0,0.5928571428571429,0.0
0,0.14,1,0.0,0,0,0,0,0,43,1,0,16.333333333333332,0.0
1,0.0,1,0.0,1,80,1,1,15,68,100,0,0.7129629629629629,0.19230769230769232
0,0.58,1,0.0,0,0,0,0,0,43,20,1,2.130434782608696,0.0
1,0.0,2,0.0,0,19,0,1,970,1034,3695,1,0.2944317315026697,0.7911993097497843
0,0.4,1,0.0,0,0,0,0,0,21,46,1,0.48,0.0
1,0.0,2,0.0,0,23,0,0,89,596,572,1,1.0950819672131147,0.12705530642750373
0,0.12,1,0.0,0,0,0,1,0,27,200,0,0.14485981308411214,0.0
1,0.33,0,0.0,0,0,0,0,0,38,207,0,0.19369369369369369,0.0
1,0.07,1,0.0,0,0,0,1,0,41,92,0,0.47474747474747475,0.0
0,0.47,1,0.0,0,0,0,0,0,21,20,0,1.0434782608695652,0.0
0,0.5,1,0.0,0,0,0,0,0,15,41,0,0.37777777777777777,0.0
0,0.44,1,0.43,0,0,0,1,0,4,15,0,0.2777777777777778,0.0
1,0.0,2,0.0,0,149,0,1,97,432,3098,1,0.14680012132241432,0.18969072164948453
1,0.0,2,0.0,0,0,0,1,0,11,72,1,0.16666666666666666,0.0
1,0.0,0,0.0,0,0,1,0,167,347,757,1,0.48203221809169766,0.40512820512820513
0,0.36,1,0.0,0,0,0,0,39,194,1436,0,0.14257684761281883,0.1689497716894977
0,0.44,1,0.0,0,0,0,0,0,8,0,0,10.0,0.0
1,0.12,2,0.0,0,0,0,0,73,286241,214,0,1399.0262008733625,0.00021537059348644415
1,0.0,0,0.0,0,71,0,0,76,1629,2550,0,0.6720707442888725,0.03945205479452055
0,0.1,0,0.0,0,0,0,0,0,33,3,0,7.4,0.0
0,0.33,1,0.0,0,0,0,1,0,0,31,1,0.02857142857142857,0.0
1,0.0,1,0.0,0,0,0,0,411,3883,703,0,5.803738317757009,0.08946642134314628
1,0.0,3,0.0,0,93,0,0,795,339967,0,0,380510.0,0.0019736617338263545
0,0.33,1,0.0,0,0,0,0,0,75,599,0,0.13302034428794993,0.0
1,0.08,2,0.0,0,26,1,0,118,184,30,1,6.242424242424242,0.5410628019323671
1,0.0,2,0.0,0,46,0,1,87,227,502,0,0.47574626865671643,0.32421875
1,0.0,4,0.25,0,105,0,1,153,697,497,1,1.4735849056603774,0.18542199488491048
1,0.33,2,0.0,0,70,0,0,78,356,424,0,0.8807947019867549,0.185
1,0.31,3,0.0,0,0,0,0,26,77,656,0,0.12446351931330472,0.2840909090909091
1,0.0,1,0.0,0,10,0,0,9,52,45,1,1.2040816326530612,0.15
1,0.44,1,0.0,0,0,0,1,88,94,160,0,0.6162790697674418,0.7850467289719626
0,0.13,2,0.0,0,0,0,0,0,37,225,0,0.17427385892116182,0.0
1,0.0,3,0.0,0,0,0,0,200,601,411,1,1.5330296127562641,0.28041543026706234
1,0.0,3,0.0,0,23,0,1,346,479,941,1,0.5353938185443669,0.6078066914498141
1,0.44,1,0.0,0,0,0,0,1,12,52,1,0.24561403508771928,0.06666666666666667
0,0.18,1,0.0,0,0,0,0,0,2709,1085,0,2.6237024221453287,0.0
0,0.33,1,0.0,0,0,0,1,0,0,31,0,0.02857142857142857,0.0
0,0.2,1,0.33,0,0,0,0,2,43,11,1,3.769230769230769,0.04
1,0.18,2,0.0,0,23,0,1,25,40,75,0,0.5555555555555556,0.5217391304347826
1,0.0,12,0.0,0,46,0,1,25,840,1135,0,0.7783291976840364,0.025477707006369428
1,0.0,3,0.0,0,0,0,0,35,73,69,1,1.0933333333333333,0.40963855421686746
1,0.0,4,0.25,0,0,0,1,62,27,202,1,0.14351851851851852,1.84375
1,0.0,3,0.0,0,0,0,0,30,109,315,0,0.3620178041543027,0.23577235772357724
1,0.0,0,0.0,0,0,0,1,3,0,75,1,0.012345679012345678,1.5
1,0.0,1,0.0,0,0,0,0,440,994,1742,0,0.6,0.3734290843806104
0,0.0,1,0.0,0,0,0,0,0,102,216,0,0.49783549783549785,0.0
1,0.18,1,0.0,0,0,0,0,0,37,137,1,0.2857142857142857,0.0
1,0.0,1,0.33,0,91,0,0,142,1573,850,1,1.9437086092715232,0.07661748013620885
1,0.12,1,0.0,0,12,1,0,27,57,245,0,0.24427480916030533,0.4
1,0.0,2,0.0,0,0,1,1,1079,414,976,0,0.4461538461538462,2.193548387096774
0,0.21,1,0.0,0,0,0,0,3,110,126,1,0.9117647058823529,0.024
1,0.0,2,0.0,0,9,0,1,35,299,281,0,1.1129568106312293,0.10119047619047619
1,0.33,1,0.0,0,0,0,0,6,52,35,0,1.5128205128205128,0.1
1,0.0,2,0.0,0,43,0,1,1,236,348,1,0.7123655913978495,0.0037593984962406013
0,0.0,2,0.0,0,0,0,0,0,313,2503,1,0.13175675675675674,0.0
1,0.0,1,0.0,0,19,0,0,82,846,547,0,1.6243567753001715,0.08227848101265822
1,0.31,1,0.31,1,0,0,1,0,22,80,1,0.28735632183908044,0.0
1,0.2,2,0.0,0,19,0,0,4,1330,3491,1,0.40069967707212056,0.0026845637583892616
0,0.0,1,0.0,0,0,0,1,1,95,39,1,2.488372093023256,0.009259259259259259
1,0.22,2,0.0,0,133,0,0,419,787,352,0,2.3430851063829787,0.4489795918367347
1,0.57,2,0.0,0,0,0,0,4,85,318,1,0.2823529411764706,0.041237113402061855
1,0.0,3,0.0,0,123,0,1,133,77,375,0,0.2175,1.4318181818181819
1,0.0,1,0.0,0,35,1,1,37,1616,391,0,4.338129496402877,0.019337016574585635
1,0.25,1,0.0,0,0,0,0,0,3,2,0,1.0,0.0
0,0.5,1,0.5,1,0,0,0,0,8,1,0,3.3333333333333335,0.0
1,0.0,1,0.0,0,0,0,1,5,276,840,0,0.3463687150837989,0.01607717041800643
0,0.0,1,0.0,0,0,0,0,0,39,42,0,0.9565217391304348,0.0
1,0.1,1,0.0,0,0,0,1,5,5,22,0,0.24,0.7142857142857143
0,0.73,1,0.0,0,0,0,0,0,12,509,1,0.02578268876611418,0.0
1,0.0,2,0.0,0,86,0,0,15,386,548,0,0.7401709401709402,0.03456221198156682
0,0.33,1,0.0,0,0,0,0,29,179,763,0,0.24723247232472326,0.13861386138613863
0,0.0,1,0.0,0,0,0,0,1,2,0,1,1.5,0.25
1,0.0,1,0.0,0,0,0,1,99,360,266,1,1.4225352112676057,0.23209876543209876
1,0.0,3,0.0,0,23,0,1,346,479,941,0,0.5353938185443669,0.6078066914498141
1,0.29,2,0.0,0,9,0,1,7,197,229,0,0.9020408163265307,0.03153153153153153
1,0.25,1,0.0,0,2,0,1,5,162,213,1,0.7982456140350878,0.0273224043715847
0,0.1,1,0.0,0,0,0,1,0,0,0,0,0.0,0.0
1,0.0,1,0.0,0,0,0,0,42,195,145,1,1.4038461538461537,0.18181818181818182
1,0.2,1,0.0,0,89,0,1,13,123,195,1,0.6602870813397129,0.09352517985611511
1,0.0,1,0.0,1,0,0,0,4,78,57,0,1.4193548387096775,0.0449438202247191
1,0.0,2,0.0,0,54,0,0,81,504,440,0,1.202127659574468,0.13604240282685512
1,0.0,3,0.0,0,0,0,0,129,481,600,0,0.8421875,0.22592592592592592
1,0.0,3,0.0,0,0,0,0,129,481,600,0,0.8421875,0.22592592592592592
1,0.0,1,0.0,0,68,1,0,105,716,141,1,5.276315789473684,0.12453300124533001
1,0.0,1,0.0,1,0,0,1,0,13,38,1,0.35714285714285715,0.0
1,0.0,1,0.0,0,16,0,0,61,2283,1009,0,2.3776744186046512,0.02268283144309738
1,0.43,1,0.0,0,0,0,1,7,143,312,0,0.4820359281437126,0.043209876543209874
1,0.4,1,0.0,0,0,0,1,0,18,42,0,0.45652173913043476,0.0
1,0.17,2,0.0,0,134,1,0,32,236,301,0,0.8229813664596274,0.11654135338345864
1,0.0,2,0.0,0,126,1,1,5,203,223,0,0.9539748953974896,0.021834061135371178
0,0.57,1,0.0,0,0,0,1,6,4,14,1,0.3125,1.0
1,0.57,1,0.0,0,0,0,0,0,41,9,0,4.2727272727272725,0.0
1,0.25,1,0.0,0,59,0,0,29,319,1870,1,0.17980914113510799,0.07799442896935933
1,0.0,2,0.0,0,0,0,0,0,171,61,0,2.909090909090909,0.0
1,0.0,2,0.0,0,0,0,0,34,963,71,1,14.0,0.030583873957367932
0,0.0,1,0.0,1,0,0,0,0,2096,6835,1,0.3225629038911041,0.0
0,0.0,2,0.0,0,0,0,0,0,46,0,0,26.0,0.0
1,0.18,1,0.0,0,70,0,1,98,59,140,0,0.44666666666666666,1.3676470588235294
1,0.22,1,0.22,1,0,0,1,3,37,652,0,0.060431654676258995,0.06976744186046512
1,0.0,1,0.0,0,39,1,0,66,343,420,0,0.8571428571428571,0.16363636363636364
1,0.0,1,0.0,0,0,0,1,5,276,840,0,0.3463687150837989,0.01607717041800643
1,0.0,2,0.0,0,5,0,1,10,175,196,1,0.9333333333333333,0.050761421319796954
1,0.0,1,0.0,0,8,0,1,8,148,153,0,1.0121951219512195,0.04790419161676647
1,0.0,2,0.0,0,0,0,1,31,50,107,1,0.48695652173913045,0.5263157894736842
0,0.0,1,0.0,0,0,0,1,0,0,753,0,0.0,0.0
1,0.36,5,0.0,0,71,0,0,8,192,286,0,0.7058823529411765,0.03686635944700461
1,0.0,2,0.12,0,30,1,0,211,6448,715,0,9.471128608923884,0.02770850651149903
0,0.24,1,0.0,0,0,0,0,0,31,35,1,0.8974358974358975,0.0
1,0.0,2,0.0,0,33,0,1,62,88,167,0,0.553072625698324,0.59
1,0.0,0,0.0,0,26,1,0,591,2222,938,0,2.487,0.22467845659163987
0,0.64,2,0.0,0,0,0,0,0,37,43,0,0.8936170212765957,0.0
1,0.5,1,0.4,0,33,0,0,12,68,101,1,0.7064220183486238,0.15384615384615385
0,0.0,1,0.0,0,0,0,0,0,45,38,0,1.2142857142857142,0.0
1,0.4,0,0.0,0,0,0,1,0,18,71,0,0.2727272727272727,0.0
0,0.29,1,0.0,0,0,0,0,20,68,7,0,8.555555555555555,0.24358974358974358
1,0.0,2,0.0,0,0,0,1,31,50,107,0,0.48695652173913045,0.5263157894736842
0,0.33,1,0.0,0,0,0,0,0,8,16,1,0.5263157894736842,0.0
1,0.0,2,0.0,0,0,0,1,0,11,72,0,0.16666666666666666,0.0
1,0.0,0,0.0,0,0,0,1,145,818,1073,0,0.8013998250218722,0.14940021810250817
1,0.29,2,0.0,0,0,0,0,10,149,154,0,1.0121212121212122,0.05952380952380952
1,0.0,3,0.0,0,0,0,0,38,1075,2752,0,0.4110617958347559,0.02987551867219917
0,0.1,2,0.0,0,0,0,0,0,42,0,0,24.0,0.0
1,0.0,2,0.0,0,0,1,1,125,351,471,1,0.7813121272365805,0.3020304568527919
1,0.0,1,0.0,0,20,0,0,21,94,125,1,0.7910447761194029,0.18691588785046728
1,0.0,3,0.0,0,0,0,0,62,6260,271,0,24.162068965517243,0.008418949771689497
1,0.44,1,0.0,0,30,0,1,34,183,154,0,1.2424242424242424,0.16019417475728157
0,0.44,1,0.0,0,0,0,0,1,14,25,0,0.5714285714285714,0.058823529411764705
1,0.0,2,0.0,0,58,0,1,8,1114,1124,0,1.0417710944026735,0.00641025641025641
1,0.24,1,0.24,1,0,0,1,4,16,99,0,0.16822429906542055,0.21052631578947367
1,0.0,3,0.0,0,18,0,0,5,23,121,1,0.2,0.18518518518518517
1,0.33,1,0.33,0,0,0,1,12,42,42,0,1.0434782608695652,0.24489795918367346
0,0.44,1,0.0,0,0,0,0,1,14,25,0,0.5714285714285714,0.058823529411764705
1,0.0,3,0.0,0,129,0,0,32,178,253,1,0.7380073800738007,0.15422885572139303
1,0.0,0,0.0,0,86,0,1,57,231,1288,0,0.18877551020408162,0.2076923076923077
1,0.0,1,0.0,0,19,0,0,82,846,547,1,1.6243567753001715,0.08227848101265822
1,0.06,2,0.0,0,11,0,1,20,372,371,0,1.053030303030303,0.045454545454545456
1,0.0,2,0.0,0,0,1,0,444,323298,547,1,619.611301369863,0.0011606891177104578
1,0.17,2,0.0,0,134,1,0,32,236,301,0,0.8229813664596274,0.11654135338345864
0,0.18,1,0.0,0,0,0,1,0,4,9,1,0.45454545454545453,0.0
0,0.0,1,0.0,1,0,0,0,0,14,24,1,0.5925925925925926,0.0
1,0.15,2,0.0,0,37,0,1,2,1075,594,0,1.8990536277602523,0.0016597510373443983
0,0.36,1,0.0,0,0,0,1,0,0,27,1,0.0,0.0
1,0.22,1,0.22,1,0,0,1,3,37,652,1,0.060431654676258995,0.06976744186046512
1,0.0,3,0.0,0,21,1,0,42,736,459,1,1.6816326530612244,0.048484848484848485
0,0.33,1,0.25,0,0,0,0,9,69,92,1,0.7878787878787878,0.11392405063291139
0,0.0,1,0.0,0,0,0,1,0,0,60,0,0.015384615384615385,0.0
1,0.0,1,0.0,0,98,0,0,4,52,104,0,0.5267857142857143,0.06666666666666667
1,0.43,1,0.43,0,0,0,0,0,64,407,0,0.16551724137931034,0.0
0,0.57,2,0.0,0,0,0,0,0,10,28,1,0.3870967741935484,0.0
0,0.44,2,0.0,0,0,0,0,0,41,3,1,9.2,0.0
1,0.12,1,0.0,0,0,0,1,1,8,97,1,0.09523809523809523,0.09090909090909091
1,0.0,2,0.0,0,54,0,0,79,1571,604,1,2.731366459627329,0.04261363636363636
1,0.08,2,0.0,0,150,1,0,40,777,67,1,11.917808219178083,0.04362801377726751
1,0.0,2,0.0,0,0,0,0,14,127,469,1,0.28542914171656686,0.09722222222222222
0,0.0,1,0.0,0,0,0,0,0,42,5,0,6.857142857142857,0.0
1,0.0,0,0.0,0,71,0,0,76,1629,2550,0,0.6720707442888725,0.03945205479452055
1,0.0,2,0.0,0,55,0,0,232,555,446,0,1.3067226890756303,0.35313001605136435
0,0.36,1,0.0,0,0,0,0,0,18,41,0,0.4666666666666667,0.0
0,0.0,1,0.0,1,0,0,0,0,2096,6835,1,0.3225629038911041,0.0
1,0.0,2,0.0,0,0,0,1,85,1213,119,1,10.609375,0.059602649006622516
0,0.15,2,0.0,0,0,0,0,1,11,20,1,0.5652173913043478,0.07142857142857142
1,0.8,1,0.0,0,13,0,1,3,67,157,0,0.44970414201183434,0.03896103896103896
1,0.0,2,0.0,0,54,1,0,80,1061,343,1,3.2459016393442623,0.063919259882254
1,0.0,1,0.0,0,0,0,0,411,3883,703,1,5.803738317757009,0.08946642134314628
1,0.0,1,0.0,0,30,0,1,109,1585,7049,0,0.2366351153179576,0.05799549549549549
1,0.0,6,0.0,0,117,1,0,701,292110,2,0,81736.5,0.0020278516089763782
1,0.36,2,0.0,0,35,0,0,2,1498,672,0,2.3389121338912133,0.0011918951132300357
0,0.4,1,0.0,0,0,0,0,2,86,383,0,0.2371638141809291,0.02040816326530612
1,0.07,1,0.0,0,0,0,1,0,41,92,1,0.47474747474747475,0.0
1,0.0,2,0.0,0,42,0,0,117,483,658,0,0.7706552706552706,0.2047970479704797
1,0.0,1,0.0,0,30,0,1,68,120,218,0,0.5793991416309013,0.47794117647058826
1,0.08,2,0.0,0,1,0,0,299,309,400,1,0.810304449648712,0.8155619596541787
0,0.25,1,0.18,0,0,0,0,6,139,397,1,0.36792452830188677,0.03821656050955414
1,0.09,1,0.0,0,0,0,0,266,204,359,1,0.5963541666666666,1.0956521739130434
1,0.0,1,0.0,0,64,0,0,15,382,312,0,1.281437125748503,0.03496503496503497
1,0.0,6,0.0,0,0,0,1,17,478,625,0,0.8048048048048048,0.03165735567970205
1,0.0,1,0.0,0,12,0,0,66,1646,562,0,3.0767946577629384,0.034164859002169194
1,0.0,2,0.0,0,73,1,0,81,218,161,0,1.4104046242774566,0.3142857142857143
0,0.88,1,1.0,0,0,0,0,5,47,62,0,0.7910447761194029,0.09259259259259259
0,0.57,2,0.0,0,0,0,0,0,44,46,0,1.0,0.0
1,0.0,1,0.0,0,0,0,1,5,276,840,0,0.3463687150837989,0.01607717041800643
1,0.43,1,0.0,0,0,0,0,10,159,1331,1,0.12552891396332863,0.055865921787709494
0,0.0,1,0.0,0,0,0,0,0,43,54,0,0.8305084745762712,0.0
1,0.29,2,0.0,0,0,0,0,10,149,154,0,1.0121212121212122,0.05952380952380952
1,0.0,2,0.0,0,0,0,0,34,963,71,1,14.0,0.030583873957367932
0,0.57,0,0.0,0,0,0,1,5,110,234,0,0.496,0.04
1,0.0,1,0.0,0,19,0,0,82,846,547,0,1.6243567753001715,0.08227848101265822
1,0.4,1,0.4,1,0,0,1,3,106,141,1,0.7828947368421053,0.025
1,0.33,2,0.0,0,0,0,0,24,41,130,1,0.3357142857142857,0.4791666666666667
1,0.2,2,0.0,0,19,0,0,4,1330,3491,0,0.40069967707212056,0.0026845637583892616
1,0.38,1,0.0,0,0,0,1,97,16,29,1,0.59375,4.6
1,0.0,2,0.0,0,74,1,0,975,24549,6769,0,3.8146605581007913,0.03351772326952471
0,0.0,1,0.0,1,0,0,0,0,2096,6835,1,0.3225629038911041,0.0
1,0.29,3,0.0,0,48,0,0,1662,1007,652,1,1.623021582733813,1.3906111603188662
1,0.0,3,0.0,0,148,0,0,66,243,277,1,0.918918918918919,0.23076923076923078
1,0.0,2,0.0,0,59,0,1,51,954,1809,1,0.5545171339563862,0.04583723105706267
